{
    "instance_id": "1b7038b9-c093-4da2-863b-d71ced598667",
    "num_of_cw": 4,
    "dftcodebook": {
        "0789528d-5608-4f97-a582-0dfa79d8a8a5": {
            "complex_adjust0": [
                1.0,
                0.0
            ],
            "complex_adjust1": [
                1.0,
                0.0
            ],
            "complex_adjust2": [
                1.0,
                0.0
            ],
            "complex_adjust3": [
                1.0,
                0.0
            ]
        },
        "5060ab64-f340-4d46-8e69-5064f6544776": {
            "complex_adjust0": [
                1.0,
                0.0
            ],
            "complex_adjust1": [
                6.123233995736766e-17,
                1.0
            ],
            "complex_adjust2": [
                -1.0,
                1.2246467991473532e-16
            ],
            "complex_adjust3": [
                -1.8369701987210297e-16,
                -1.0
            ]
        },
        "5bb3444d-ab72-498a-ac03-d4b7307092ff": {
            "complex_adjust0": [
                1.0,
                0.0
            ],
            "complex_adjust1": [
                -1.0,
                1.2246467991473532e-16
            ],
            "complex_adjust2": [
                1.0,
                -2.4492935982947064e-16
            ],
            "complex_adjust3": [
                -1.0,
                3.6739403974420594e-16
            ]
        },
        "1d4544dd-1376-44a0-b0bc-08a34b669aca": {
            "complex_adjust0": [
                1.0,
                0.0
            ],
            "complex_adjust1": [
                -1.8369701987210297e-16,
                -1.0
            ],
            "complex_adjust2": [
                -1.0,
                3.6739403974420594e-16
            ],
            "complex_adjust3": [
                5.51091059616309e-16,
                1.0
            ]
        }
    },
    "variance_of_samples": 0.5,
    "num_of_samples": 4000,
    "num_of_levels": 4,
    "perturbation_variance": 0.5,
    "lloydcodebook": {
        "fab54e8b-549c-4c12-a359-c936607070c3": {
            "complex_adjust0": [
                1.0001046781659633,
                0.007442686412579717
            ],
            "complex_adjust1": [
                -1.0272868628268657,
                0.018891163141041313
            ],
            "complex_adjust2": [
                1.0105324726257872,
                -0.018642296916631013
            ],
            "complex_adjust3": [
                -0.9840879933907811,
                -0.007634804018284338
            ]
        },
        "78561f33-d47f-445c-b47c-b69aa0a305d9": {
            "complex_adjust0": [
                0.9938634259716178,
                0.017667488698551777
            ],
            "complex_adjust1": [
                1.013305219512465,
                -0.04024983827322099
            ],
            "complex_adjust2": [
                1.0085048118753515,
                -0.0058407055743697756
            ],
            "complex_adjust3": [
                1.017066472020638,
                -0.0007003403543934313
            ]
        },
        "d4326bda-b583-4b14-91a5-dc0a4e5942c6": {
            "complex_adjust0": [
                1.0127427950402337,
                -0.002810207834712804
            ],
            "complex_adjust1": [
                -0.016658626909092592,
                0.9953923137451915
            ],
            "complex_adjust2": [
                -1.0436008816811546,
                -0.010762342856270014
            ],
            "complex_adjust3": [
                -0.011908662846945943,
                -1.0027094952038893
            ]
        },
        "16ffea95-b5b6-4081-b1c3-c25dfc449c33": {
            "complex_adjust0": [
                0.9896455183229614,
                0.014103115551610396
            ],
            "complex_adjust1": [
                0.001327929081724056,
                -1.0318497128432045
            ],
            "complex_adjust2": [
                -0.9753090403024852,
                -0.006286743917386601
            ],
            "complex_adjust3": [
                -0.026751977444192946,
                1.0311791464003832
            ]
        }
    },
    "sets": {
        "fab54e8b-549c-4c12-a359-c936607070c3": 996,
        "78561f33-d47f-445c-b47c-b69aa0a305d9": 1001,
        "d4326bda-b583-4b14-91a5-dc0a4e5942c6": 1002,
        "16ffea95-b5b6-4081-b1c3-c25dfc449c33": 1001
    },
    "mean_distortion": {
        "0": 4.5541969798602056,
        "1": 2.7233765266191123,
        "2": 1.9873339262376801,
        "3": 1.9859273791002834,
        "4": 1.9859247025132107,
        "5": 1.9859247025132107,
        "6": 1.9859247025132107,
        "7": 1.9859247025132107,
        "8": 1.9859247025132107,
        "9": 1.9859247025132107,
        "10": 1.9859247025132107,
        "11": 1.9859247025132107,
        "12": 1.9859247025132107,
        "13": 1.9859247025132107,
        "14": 1.9859247025132107,
        "15": 1.9859247025132107,
        "16": 1.9859247025132107,
        "17": 1.9859247025132107,
        "18": 1.9859247025132107,
        "19": 1.9859247025132107
    }
}