{
    "instance_id": "5dc25bfa-00fe-446f-afeb-18af4bb3086d",
    "num_of_cw": 4,
    "dftcodebook": {
        "e6905c8d-3357-4077-850c-c9ceb3512e42": {
            "complex_adjust0": [
                1.0,
                0.0
            ],
            "complex_adjust1": [
                1.0,
                0.0
            ],
            "complex_adjust2": [
                1.0,
                0.0
            ],
            "complex_adjust3": [
                1.0,
                0.0
            ]
        },
        "b29bdd30-ae80-4767-9278-33f52bf43efb": {
            "complex_adjust0": [
                1.0,
                0.0
            ],
            "complex_adjust1": [
                6.123233995736766e-17,
                1.0
            ],
            "complex_adjust2": [
                -1.0,
                1.2246467991473532e-16
            ],
            "complex_adjust3": [
                -1.8369701987210297e-16,
                -1.0
            ]
        },
        "b90958f9-d7cc-46b9-9b62-e5c66a5122f8": {
            "complex_adjust0": [
                1.0,
                0.0
            ],
            "complex_adjust1": [
                -1.0,
                1.2246467991473532e-16
            ],
            "complex_adjust2": [
                1.0,
                -2.4492935982947064e-16
            ],
            "complex_adjust3": [
                -1.0,
                3.6739403974420594e-16
            ]
        },
        "8cbd2b22-a687-414c-ac41-4416bcedf064": {
            "complex_adjust0": [
                1.0,
                0.0
            ],
            "complex_adjust1": [
                -1.8369701987210297e-16,
                -1.0
            ],
            "complex_adjust2": [
                -1.0,
                3.6739403974420594e-16
            ],
            "complex_adjust3": [
                5.51091059616309e-16,
                1.0
            ]
        }
    },
    "variance_of_samples": 0.4,
    "num_of_samples": 4000,
    "num_of_levels": 4,
    "perturbation_variance": 0.4,
    "lloydcodebook": {
        "e67b4224-16d2-4e8d-bd00-3b37f3aa1713": {
            "complex_adjust0": [
                1.0111551966568386,
                -0.01987898847816653
            ],
            "complex_adjust1": [
                0.9987389404436954,
                -0.02166257603657064
            ],
            "complex_adjust2": [
                1.0094566334409791,
                -0.0018252783248849315
            ],
            "complex_adjust3": [
                1.011689431636216,
                0.01022792900478858
            ]
        },
        "b4b6b29c-9c60-4990-972f-9198c1844147": {
            "complex_adjust0": [
                0.9820879398259389,
                -0.012510981766614577
            ],
            "complex_adjust1": [
                0.015170135323295569,
                1.0032506845343852
            ],
            "complex_adjust2": [
                -1.019260593016937,
                -0.007615932682423487
            ],
            "complex_adjust3": [
                0.008754587278391185,
                -1.0206121540544975
            ]
        },
        "3b9541c1-6caf-4073-a1fe-79860d2db7fb": {
            "complex_adjust0": [
                0.9981839711335672,
                0.0006901392125044166
            ],
            "complex_adjust1": [
                -1.0092218604949859,
                0.007959439846710383
            ],
            "complex_adjust2": [
                1.017159768252089,
                0.017872110822609453
            ],
            "complex_adjust3": [
                -0.9993649275895182,
                0.014809143485124911
            ]
        },
        "e67ba9f2-7615-40b5-b484-0259ca7fe26f": {
            "complex_adjust0": [
                0.9775885417001863,
                -0.014833474179081697
            ],
            "complex_adjust1": [
                -0.003265807890921079,
                -1.0108115982083092
            ],
            "complex_adjust2": [
                -0.9896538736277402,
                0.012595039867017934
            ],
            "complex_adjust3": [
                -0.006742517607424554,
                1.0083185111081279
            ]
        }
    },
    "sets": {
        "e67b4224-16d2-4e8d-bd00-3b37f3aa1713": 1002,
        "b4b6b29c-9c60-4990-972f-9198c1844147": 1002,
        "3b9541c1-6caf-4073-a1fe-79860d2db7fb": 996,
        "e67ba9f2-7615-40b5-b484-0259ca7fe26f": 1000
    },
    "mean_distortion": {
        "0": 3.7894404872462064,
        "1": 3.055208535176191,
        "2": 1.575218336127865,
        "3": 1.562630022805924,
        "4": 1.562630022805924,
        "5": 1.562630022805924,
        "6": 1.562630022805924,
        "7": 1.562630022805924,
        "8": 1.562630022805924,
        "9": 1.562630022805924,
        "10": 1.562630022805924,
        "11": 1.562630022805924,
        "12": 1.562630022805924,
        "13": 1.562630022805924,
        "14": 1.562630022805924,
        "15": 1.562630022805924,
        "16": 1.562630022805924,
        "17": 1.562630022805924,
        "18": 1.562630022805924,
        "19": 1.562630022805924
    }
}