{
    "instance_id": "7fc5238a-8347-4c45-bbe4-8a11264838f6",
    "num_of_cw": 4,
    "dftcodebook": {
        "eba370dc-48f5-4b2d-af22-499129f2c19a": {
            "complex_adjust0": [
                1.0,
                0.0
            ],
            "complex_adjust1": [
                1.0,
                0.0
            ],
            "complex_adjust2": [
                1.0,
                0.0
            ],
            "complex_adjust3": [
                1.0,
                0.0
            ]
        },
        "b1469c4c-95f8-497f-9262-4bb35d5d01b7": {
            "complex_adjust0": [
                1.0,
                0.0
            ],
            "complex_adjust1": [
                6.123233995736766e-17,
                1.0
            ],
            "complex_adjust2": [
                -1.0,
                1.2246467991473532e-16
            ],
            "complex_adjust3": [
                -1.8369701987210297e-16,
                -1.0
            ]
        },
        "b7d2d5dc-58f3-4042-a22c-36c8d4fb8df6": {
            "complex_adjust0": [
                1.0,
                0.0
            ],
            "complex_adjust1": [
                -1.0,
                1.2246467991473532e-16
            ],
            "complex_adjust2": [
                1.0,
                -2.4492935982947064e-16
            ],
            "complex_adjust3": [
                -1.0,
                3.6739403974420594e-16
            ]
        },
        "82367113-80cb-4ed5-a4e5-c0862ffa9bf1": {
            "complex_adjust0": [
                1.0,
                0.0
            ],
            "complex_adjust1": [
                -1.8369701987210297e-16,
                -1.0
            ],
            "complex_adjust2": [
                -1.0,
                3.6739403974420594e-16
            ],
            "complex_adjust3": [
                5.51091059616309e-16,
                1.0
            ]
        }
    },
    "variance_of_samples": 0.1,
    "num_of_samples": 4000,
    "num_of_levels": 4,
    "perturbation_variance": 0.1,
    "lloydcodebook": {
        "1282187e-278c-41dd-bee1-4c044f0894d1": {
            "complex_adjust0": [
                1.005679678877685,
                -0.009985094714813627
            ],
            "complex_adjust1": [
                1.000540897866136,
                -0.009985865739965788
            ],
            "complex_adjust2": [
                1.004048343598576,
                -0.0009004822308755345
            ],
            "complex_adjust3": [
                1.0062783374390867,
                0.004403190460570427
            ]
        },
        "5538699e-564f-4eaf-9164-3399bce0a6ac": {
            "complex_adjust0": [
                0.9911037455029984,
                -0.005981900448518899
            ],
            "complex_adjust1": [
                0.007796519827027954,
                1.0024607257782217
            ],
            "complex_adjust2": [
                -1.010052355105792,
                -0.003664153741579178
            ],
            "complex_adjust3": [
                0.004041115470672298,
                -1.0105920721642456
            ]
        },
        "e80a42b7-c797-4dfc-9bd1-f256390b59ba": {
            "complex_adjust0": [
                0.9991413486142109,
                0.0003068357009752142
            ],
            "complex_adjust1": [
                -1.0028708893086156,
                0.0034695368722007887
            ],
            "complex_adjust2": [
                1.0081865700125798,
                0.008664043203811013
            ],
            "complex_adjust3": [
                -0.997310491211901,
                0.008017124908402942
            ]
        },
        "9a97b8e7-d4b2-4b62-8b73-6606f8be5071": {
            "complex_adjust0": [
                0.9885799268575839,
                -0.007640263391991679
            ],
            "complex_adjust1": [
                -0.0017234718972494827,
                -1.0056107526135474
            ],
            "complex_adjust2": [
                -0.9953757144772485,
                0.006368377177150778
            ],
            "complex_adjust3": [
                -0.002821500964933951,
                1.0035034690550266
            ]
        }
    },
    "sets": {
        "1282187e-278c-41dd-bee1-4c044f0894d1": 1000,
        "5538699e-564f-4eaf-9164-3399bce0a6ac": 1000,
        "e80a42b7-c797-4dfc-9bd1-f256390b59ba": 1000,
        "9a97b8e7-d4b2-4b62-8b73-6606f8be5071": 1000
    },
    "mean_distortion": {
        "0": 2.4489776874912454,
        "1": 1.2874698377463667,
        "2": 0.391151322029842,
        "3": 0.391151322029842,
        "4": 0.391151322029842,
        "5": 0.391151322029842,
        "6": 0.391151322029842,
        "7": 0.391151322029842,
        "8": 0.391151322029842,
        "9": 0.391151322029842,
        "10": 0.391151322029842,
        "11": 0.391151322029842,
        "12": 0.391151322029842,
        "13": 0.391151322029842,
        "14": 0.391151322029842,
        "15": 0.391151322029842,
        "16": 0.391151322029842,
        "17": 0.391151322029842,
        "18": 0.391151322029842,
        "19": 0.391151322029842
    }
}