{
    "instance_id": "942a1b9e-fdb3-4dcb-b724-4ea6c026c3ed",
    "num_of_cw": 4,
    "dftcodebook": {
        "09aa06bf-ca18-4a56-9462-b7e51abf5cba": {
            "complex_adjust0": [
                1.0,
                0.0
            ],
            "complex_adjust1": [
                1.0,
                0.0
            ],
            "complex_adjust2": [
                1.0,
                0.0
            ],
            "complex_adjust3": [
                1.0,
                0.0
            ]
        },
        "4f3ab54e-8e53-4734-a6e0-9c965bafaa10": {
            "complex_adjust0": [
                1.0,
                0.0
            ],
            "complex_adjust1": [
                6.123233995736766e-17,
                1.0
            ],
            "complex_adjust2": [
                -1.0,
                1.2246467991473532e-16
            ],
            "complex_adjust3": [
                -1.8369701987210297e-16,
                -1.0
            ]
        },
        "dbf3e4c1-f1e1-49e3-a2ab-06cf613f30c5": {
            "complex_adjust0": [
                1.0,
                0.0
            ],
            "complex_adjust1": [
                -1.0,
                1.2246467991473532e-16
            ],
            "complex_adjust2": [
                1.0,
                -2.4492935982947064e-16
            ],
            "complex_adjust3": [
                -1.0,
                3.6739403974420594e-16
            ]
        },
        "9210d83e-38e7-4c52-ac53-f0a0073a4e05": {
            "complex_adjust0": [
                1.0,
                0.0
            ],
            "complex_adjust1": [
                -1.8369701987210297e-16,
                -1.0
            ],
            "complex_adjust2": [
                -1.0,
                3.6739403974420594e-16
            ],
            "complex_adjust3": [
                5.51091059616309e-16,
                1.0
            ]
        }
    },
    "variance_of_samples": 0.30000000000000004,
    "num_of_samples": 4000,
    "num_of_levels": 4,
    "perturbation_variance": 0.30000000000000004,
    "lloydcodebook": {
        "20c3cdd5-3391-4800-8c3d-e24306bcf28f": {
            "complex_adjust0": [
                1.0097078715404302,
                -0.017635738491505636
            ],
            "complex_adjust1": [
                0.9996166584724391,
                -0.0189304744022178
            ],
            "complex_adjust2": [
                1.00790996103579,
                -0.002085179111197046
            ],
            "complex_adjust3": [
                1.0100185757198843,
                0.009195764795205705
            ]
        },
        "e550ee03-4703-4976-9113-b6717cceea73": {
            "complex_adjust0": [
                0.984367072775875,
                -0.010431890871390497
            ],
            "complex_adjust1": [
                0.013692604342979175,
                1.0039637849126937
            ],
            "complex_adjust2": [
                -1.0160850201236735,
                -0.006612778728720965
            ],
            "complex_adjust3": [
                0.00726727318600842,
                -1.018162606307853
            ]
        },
        "e3ccc30c-012e-42f6-b702-6fe682ba3cca": {
            "complex_adjust0": [
                0.9988702209560707,
                0.0009734520529314721
            ],
            "complex_adjust1": [
                -1.0068680031815427,
                0.0069710877480900855
            ],
            "complex_adjust2": [
                1.0139915194075666,
                0.01583871483304851
            ],
            "complex_adjust3": [
                -0.9977664851106074,
                0.013168755985310452
            ]
        },
        "8d16ba02-58a3-4649-b2e8-0acb8c0800f9": {
            "complex_adjust0": [
                0.9802198530911848,
                -0.01323332437813811
            ],
            "complex_adjust1": [
                -0.0029851408914531035,
                -1.0097181085953646
            ],
            "complex_adjust2": [
                -0.991990502525888,
                0.011030352832586951
            ],
            "complex_adjust3": [
                -0.0048869830248706204,
                1.00606818640605
            ]
        }
    },
    "sets": {
        "20c3cdd5-3391-4800-8c3d-e24306bcf28f": 1001,
        "e550ee03-4703-4976-9113-b6717cceea73": 1001,
        "e3ccc30c-012e-42f6-b702-6fe682ba3cca": 998,
        "8d16ba02-58a3-4649-b2e8-0acb8c0800f9": 1000
    },
    "mean_distortion": {
        "0": 3.35174618120881,
        "1": 2.539713311620584,
        "2": 1.173252261515371,
        "3": 1.1729018443617425,
        "4": 1.1729018443617425,
        "5": 1.1729018443617425,
        "6": 1.1729018443617425,
        "7": 1.1729018443617425,
        "8": 1.1729018443617425,
        "9": 1.1729018443617425,
        "10": 1.1729018443617425,
        "11": 1.1729018443617425,
        "12": 1.1729018443617425,
        "13": 1.1729018443617425,
        "14": 1.1729018443617425,
        "15": 1.1729018443617425,
        "16": 1.1729018443617425,
        "17": 1.1729018443617425,
        "18": 1.1729018443617425,
        "19": 1.1729018443617425
    }
}