{
    "instance_id": "bb023d92-657c-4497-926c-71d07ec3a2dc",
    "num_of_cw": 4,
    "dftcodebook": {
        "3a42970c-f4e3-47e3-80b6-a04ec10b9a85": {
            "complex_adjust0": [
                1.0,
                0.0
            ],
            "complex_adjust1": [
                1.0,
                0.0
            ],
            "complex_adjust2": [
                1.0,
                0.0
            ],
            "complex_adjust3": [
                1.0,
                0.0
            ]
        },
        "05218154-df16-42d0-92bd-187a0a6b9e00": {
            "complex_adjust0": [
                1.0,
                0.0
            ],
            "complex_adjust1": [
                6.123233995736766e-17,
                1.0
            ],
            "complex_adjust2": [
                -1.0,
                1.2246467991473532e-16
            ],
            "complex_adjust3": [
                -1.8369701987210297e-16,
                -1.0
            ]
        },
        "6f704810-54d3-4eb7-9346-6226e67deb42": {
            "complex_adjust0": [
                1.0,
                0.0
            ],
            "complex_adjust1": [
                -1.0,
                1.2246467991473532e-16
            ],
            "complex_adjust2": [
                1.0,
                -2.4492935982947064e-16
            ],
            "complex_adjust3": [
                -1.0,
                3.6739403974420594e-16
            ]
        },
        "c30f9485-8d32-44af-b068-dce014d05ad3": {
            "complex_adjust0": [
                1.0,
                0.0
            ],
            "complex_adjust1": [
                -1.8369701987210297e-16,
                -1.0
            ],
            "complex_adjust2": [
                -1.0,
                3.6739403974420594e-16
            ],
            "complex_adjust3": [
                5.51091059616309e-16,
                1.0
            ]
        }
    },
    "variance_of_samples": 0.2,
    "num_of_samples": 4000,
    "num_of_levels": 4,
    "perturbation_variance": 0.2,
    "lloydcodebook": {
        "9eb0c720-dddb-4729-9093-8c41010695cd": {
            "complex_adjust0": [
                1.0080322788987452,
                -0.01412105636726934
            ],
            "complex_adjust1": [
                1.0007649450981488,
                -0.014122146761496446
            ],
            "complex_adjust2": [
                1.0057252224222528,
                -0.0012734741835801577
            ],
            "complex_adjust3": [
                1.0088789099555124,
                0.006227051667050537
            ]
        },
        "c219e885-ab9b-4b14-8155-e03dc72bda7c": {
            "complex_adjust0": [
                0.9874187962360185,
                -0.008459684743061144
            ],
            "complex_adjust1": [
                0.011025944078693645,
                1.003479991768844
            ],
            "complex_adjust2": [
                -1.014216176924402,
                -0.005181895915961454
            ],
            "complex_adjust3": [
                0.005715000305740563,
                -1.014979452108312
            ]
        },
        "22fda6f3-abb1-4adc-9973-5d0124f1ebdc": {
            "complex_adjust0": [
                0.9987856835648669,
                0.00043393120973940274
            ],
            "complex_adjust1": [
                -1.0040600505963162,
                0.004906666099819833
            ],
            "complex_adjust2": [
                1.0115775583411077,
                0.012252807403816072
            ],
            "complex_adjust3": [
                -0.9961964601957485,
                0.011337926776702438
            ]
        },
        "0713efea-a6f5-4ad5-9b70-c4cd992b7274": {
            "complex_adjust0": [
                0.9838495776787048,
                -0.010804964109057296
            ],
            "complex_adjust1": [
                -0.0024373573314590384,
                -1.0079348024411987
            ],
            "complex_adjust2": [
                -0.9934602726974371,
                0.009006245374233765
            ],
            "complex_adjust3": [
                -0.0039902049308586105,
                1.0049546534529736
            ]
        }
    },
    "sets": {
        "9eb0c720-dddb-4729-9093-8c41010695cd": 1000,
        "c219e885-ab9b-4b14-8155-e03dc72bda7c": 1000,
        "22fda6f3-abb1-4adc-9973-5d0124f1ebdc": 1000,
        "0713efea-a6f5-4ad5-9b70-c4cd992b7274": 1000
    },
    "mean_distortion": {
        "0": 2.904459186138279,
        "1": 1.960466073322681,
        "2": 0.7823045569460068,
        "3": 0.7823026440596837,
        "4": 0.7823026440596837,
        "5": 0.7823026440596837,
        "6": 0.7823026440596837,
        "7": 0.7823026440596837,
        "8": 0.7823026440596837,
        "9": 0.7823026440596837,
        "10": 0.7823026440596837,
        "11": 0.7823026440596837,
        "12": 0.7823026440596837,
        "13": 0.7823026440596837,
        "14": 0.7823026440596837,
        "15": 0.7823026440596837,
        "16": 0.7823026440596837,
        "17": 0.7823026440596837,
        "18": 0.7823026440596837,
        "19": 0.7823026440596837
    }
}